epoch,time,train/box_loss,train/pose_loss,train/kobj_loss,train/cls_loss,train/dfl_loss,metrics/precision(B),metrics/recall(B),metrics/mAP50(B),metrics/mAP50-95(B),metrics/precision(P),metrics/recall(P),metrics/mAP50(P),metrics/mAP50-95(P),val/box_loss,val/pose_loss,val/kobj_loss,val/cls_loss,val/dfl_loss,lr/pg0,lr/pg1,lr/pg2
1,14.1733,0.37257,2.37992,0.32033,0.43632,0.97203,0.51503,0.67063,0.61627,0.42519,0.44375,0.47777,0.41547,0.23974,1.48416,3.53469,0.06771,1.39495,3.06924,0.00016124,0.00016124,0.00016124
2,25.6994,0.38376,2.40453,0.30862,0.47443,0.97224,0.69989,0.60782,0.57099,0.39296,0.66654,0.47493,0.39893,0.23914,1.46358,3.47153,0.08163,1.32651,3.0227,0.000326416,0.000326416,0.000326416
3,37.0758,0.41542,2.61163,0.3195,0.50362,0.98,0.53635,0.66051,0.58163,0.3889,0.44523,0.45882,0.35593,0.16832,1.49879,4.25268,0.05996,1.37461,3.06333,0.000489941,0.000489941,0.000489941
4,48.3178,0.45236,2.74358,0.32241,0.54404,1.00998,0.6845,0.57065,0.65472,0.43726,0.61977,0.45749,0.41297,0.23543,1.4572,4.09391,0.10393,1.24023,2.71039,0.000547743,0.000547743,0.000547743
5,59.6587,0.47558,2.88973,0.32061,0.55736,1.01972,0.45194,0.66023,0.63771,0.44134,0.73099,0.44877,0.45558,0.23702,1.38931,3.79342,0.04204,1.2884,2.53252,0.000544991,0.000544991,0.000544991
6,71.0061,0.49014,2.99962,0.32376,0.58932,1.02024,0.70888,0.64221,0.61141,0.42895,0.71434,0.45006,0.41503,0.22223,1.41638,3.79767,0.0972,1.33188,2.58964,0.000542239,0.000542239,0.000542239
7,82.2132,0.49398,2.98049,0.32136,0.61824,1.02913,0.53503,0.60195,0.54804,0.38012,0.35972,0.48415,0.38894,0.21123,1.39406,3.9783,0.06949,1.42715,2.39483,0.000539487,0.000539487,0.000539487
8,93.4533,0.51861,2.88434,0.31777,0.61178,1.03762,0.69824,0.57032,0.65592,0.43413,0.61052,0.36864,0.45863,0.24889,1.45535,4.03517,0.13722,1.3068,2.57446,0.000536735,0.000536735,0.000536735
9,104.864,0.512,2.92406,0.32135,0.61808,1.04398,0.43771,0.6453,0.58578,0.40016,0.38288,0.57649,0.50267,0.23167,1.37095,3.77283,0.07514,1.51688,2.43942,0.000533982,0.000533982,0.000533982
10,116.316,0.50329,2.96938,0.31515,0.5979,1.03754,0.62688,0.53091,0.57752,0.38846,0.57549,0.47364,0.45729,0.20541,1.4859,3.63058,0.06762,1.26877,2.65907,0.00053123,0.00053123,0.00053123
11,127.628,0.49766,3.05348,0.31957,0.63713,1.02756,0.51046,0.58749,0.63762,0.42261,0.44495,0.4793,0.51447,0.24605,1.55554,3.81706,0.08771,1.38957,2.86768,0.000528478,0.000528478,0.000528478
12,138.913,0.51568,3.01712,0.33213,0.63629,1.05541,0.49646,0.62435,0.64645,0.40113,0.42296,0.54001,0.55986,0.22671,1.39948,3.59566,0.10249,1.16712,2.45988,0.000525726,0.000525726,0.000525726
13,150.195,0.51469,2.96203,0.32187,0.63609,1.04365,0.59733,0.60749,0.55715,0.3939,0.64298,0.43902,0.40564,0.19853,1.20371,3.79187,0.08254,1.24202,2.12962,0.000522974,0.000522974,0.000522974
14,161.486,0.49589,3.08287,0.33189,0.58088,1.02099,0.49608,0.58679,0.59188,0.41285,0.56822,0.4669,0.46722,0.22487,1.44823,3.78498,0.05561,1.19932,2.68849,0.000520221,0.000520221,0.000520221
15,172.737,0.51417,2.89907,0.3315,0.61231,1.03555,0.58024,0.56234,0.50321,0.3463,0.63162,0.44679,0.35524,0.20547,1.24447,3.66103,0.07671,1.13615,2.26653,0.000517469,0.000517469,0.000517469
16,184.045,0.51918,2.86016,0.32149,0.61991,1.03736,0.7972,0.5338,0.58742,0.40329,0.73484,0.44612,0.3705,0.19494,1.5004,3.93801,0.0799,1.17172,2.92242,0.000514717,0.000514717,0.000514717
17,195.34,0.5132,2.89044,0.33172,0.6111,1.02723,0.52957,0.69813,0.57535,0.39006,0.62357,0.46647,0.35012,0.20277,1.45474,3.71636,0.08163,1.23093,2.52634,0.000511965,0.000511965,0.000511965
18,206.882,0.52633,2.97025,0.31177,0.61246,1.05088,0.67186,0.5496,0.5656,0.38221,0.74215,0.47599,0.48346,0.23861,1.39768,3.57895,0.06453,1.31637,2.75845,0.000509213,0.000509213,0.000509213
19,218.204,0.51077,2.79227,0.31902,0.59287,1.03717,0.56314,0.57128,0.60762,0.41906,0.59046,0.4615,0.51974,0.26065,1.30384,3.51463,0.04764,1.38488,2.51543,0.00050646,0.00050646,0.00050646
20,229.48,0.53719,2.88471,0.31824,0.61794,1.06438,0.58939,0.52849,0.65351,0.42139,0.63716,0.48146,0.5209,0.26095,1.48756,3.69262,0.12777,1.32095,2.77382,0.000503708,0.000503708,0.000503708
21,240.78,0.5215,3.02952,0.32659,0.64647,1.04441,0.76298,0.5128,0.58884,0.41065,0.70327,0.44818,0.40849,0.23162,1.46594,3.68879,0.07319,1.35542,2.78134,0.000500956,0.000500956,0.000500956
22,252.078,0.5009,2.87566,0.3213,0.62342,1.0305,0.66666,0.58026,0.55642,0.37075,0.74933,0.46077,0.44386,0.21544,1.49236,3.74186,0.08347,1.21358,2.80857,0.000498204,0.000498204,0.000498204
23,263.335,0.52097,2.92525,0.30734,0.6311,1.06291,0.59246,0.55799,0.58413,0.38253,0.49619,0.40131,0.3432,0.18678,1.23546,3.90423,0.06078,1.57762,2.24359,0.000495452,0.000495452,0.000495452
24,274.597,0.52097,2.89508,0.31205,0.61192,1.03783,0.58347,0.5618,0.48064,0.29785,0.68453,0.47903,0.40998,0.19538,1.37173,3.6091,0.11126,1.5666,2.59447,0.000492699,0.000492699,0.000492699
25,285.865,0.46939,2.93771,0.32739,0.58808,1.01945,0.49248,0.69647,0.7186,0.47207,0.41621,0.56846,0.50207,0.26265,1.496,3.75027,0.08018,1.38806,3.13507,0.000489947,0.000489947,0.000489947
26,297.374,0.48035,2.88082,0.32646,0.59379,1.02798,0.62525,0.59893,0.66447,0.43945,0.56789,0.42502,0.4285,0.20155,1.4918,3.84255,0.08659,1.24684,3.35872,0.000487195,0.000487195,0.000487195
27,308.617,0.49002,2.9874,0.33364,0.59377,1.02719,0.58442,0.60749,0.64475,0.45598,0.51089,0.51599,0.51128,0.21828,1.47559,3.49477,0.14655,1.32117,3.03809,0.000484443,0.000484443,0.000484443
28,319.903,0.51629,2.7181,0.322,0.61696,1.03894,0.68318,0.58672,0.6422,0.44984,0.75436,0.47647,0.56089,0.2489,1.42636,3.57134,0.07748,1.2278,2.76621,0.000481691,0.000481691,0.000481691
29,331.147,0.50874,2.90452,0.31231,0.62012,1.04738,0.56609,0.56705,0.59103,0.41042,0.5909,0.42399,0.4321,0.22129,1.42524,3.78182,0.08005,1.39206,2.69363,0.000478938,0.000478938,0.000478938
30,342.583,0.50485,2.74428,0.31071,0.62886,1.0232,0.51721,0.61353,0.66738,0.47219,0.63094,0.45015,0.53288,0.28071,1.42809,3.65591,0.05829,1.27358,2.85445,0.000476186,0.000476186,0.000476186
31,354.033,0.50326,2.85509,0.31372,0.58329,1.03036,0.58406,0.57728,0.69484,0.48715,0.73994,0.48185,0.47173,0.23147,1.5109,3.8352,0.08075,1.39803,3.08667,0.000473434,0.000473434,0.000473434
32,365.367,0.52129,2.86515,0.31443,0.591,1.04174,0.53673,0.69569,0.68266,0.46619,0.58183,0.5684,0.56466,0.27059,1.55428,3.88814,0.05682,1.27515,3.02848,0.000470682,0.000470682,0.000470682
33,376.691,0.49437,2.79003,0.32187,0.60633,1.04207,0.58365,0.72497,0.67366,0.47493,0.42059,0.54047,0.50326,0.26389,1.50612,3.95924,0.06965,1.20716,3.06226,0.00046793,0.00046793,0.00046793
34,387.963,0.49268,2.81643,0.31692,0.57443,1.03655,0.50094,0.67501,0.62809,0.43622,0.38468,0.53543,0.45943,0.23199,1.45163,3.8695,0.08428,1.26597,2.93358,0.000465177,0.000465177,0.000465177
35,399.205,0.5021,2.76962,0.31362,0.60232,1.02958,0.62331,0.66048,0.72279,0.50851,0.58109,0.46582,0.45554,0.221,1.42183,3.62072,0.05438,1.07908,2.73288,0.000462425,0.000462425,0.000462425
36,410.453,0.4998,2.74151,0.31509,0.57533,1.02926,0.6027,0.62365,0.70315,0.49696,0.49052,0.51219,0.49968,0.25154,1.45049,3.56506,0.08372,1.22606,2.84778,0.000459673,0.000459673,0.000459673
37,421.733,0.47862,2.63929,0.31592,0.56684,1.01584,0.5211,0.67147,0.6601,0.46058,0.46751,0.57599,0.54608,0.24529,1.46653,3.59805,0.09554,1.28206,2.92071,0.000456921,0.000456921,0.000456921
38,432.999,0.47221,2.61523,0.31749,0.5327,1.01627,0.5132,0.64701,0.67469,0.46379,0.42222,0.52949,0.47681,0.24918,1.46427,3.79823,0.06054,1.26161,2.8912,0.000454169,0.000454169,0.000454169
39,444.221,0.48149,2.79733,0.3179,0.58448,1.01277,0.47088,0.66637,0.64901,0.45942,0.51691,0.56877,0.54931,0.2846,1.39131,3.66429,0.03729,1.30546,2.86161,0.000451416,0.000451416,0.000451416
40,455.697,0.50424,2.59211,0.29916,0.56888,1.03396,0.63435,0.63142,0.71281,0.47575,0.74841,0.42836,0.42799,0.23018,1.43147,3.66561,0.07897,1.34446,2.81679,0.000448664,0.000448664,0.000448664
41,467.029,0.48361,2.61872,0.31903,0.56058,1.03392,0.80339,0.54459,0.73095,0.51392,0.79238,0.49828,0.56396,0.27734,1.39628,3.38601,0.07852,1.09772,2.7296,0.000445912,0.000445912,0.000445912
42,478.532,0.4658,2.72601,0.32677,0.58515,1.03002,0.77124,0.57259,0.63822,0.43463,0.77623,0.49997,0.52354,0.24762,1.49495,3.38045,0.06029,1.26731,3.1607,0.00044316,0.00044316,0.00044316
43,489.788,0.47214,2.58816,0.3093,0.53684,1.03007,0.61115,0.55566,0.6126,0.41853,0.51643,0.50016,0.48489,0.21317,1.46005,3.65868,0.12475,1.25867,2.86434,0.000440408,0.000440408,0.000440408
44,501.109,0.48268,2.65778,0.30636,0.54121,1.01413,0.78695,0.5357,0.59491,0.39568,0.74361,0.51133,0.4942,0.24495,1.44853,3.36413,0.09994,1.1414,2.82693,0.000437655,0.000437655,0.000437655
45,512.401,0.47903,2.72576,0.31193,0.55102,1.01857,0.61531,0.60058,0.6155,0.4086,0.61435,0.46906,0.39744,0.23277,1.48261,3.5171,0.10259,1.10844,2.80226,0.000434903,0.000434903,0.000434903
46,523.665,0.476,2.60443,0.30038,0.53986,1.0103,0.60633,0.60202,0.61447,0.4218,0.69921,0.5028,0.54579,0.23651,1.55229,3.63105,0.0872,1.25973,3.1217,0.000432151,0.000432151,0.000432151
47,534.936,0.45605,2.63219,0.30934,0.50309,1.01618,0.54402,0.64181,0.62262,0.42786,0.58687,0.46246,0.40937,0.24235,1.50936,3.56393,0.06499,1.26775,3.05269,0.000429399,0.000429399,0.000429399
48,546.487,0.46339,2.76908,0.3136,0.55784,1.01505,0.76891,0.59669,0.67857,0.4714,0.76224,0.48379,0.46253,0.22966,1.48103,3.69447,0.07648,1.2678,2.98281,0.000426647,0.000426647,0.000426647
49,557.783,0.47652,2.644,0.31398,0.55706,1.0183,0.52594,0.70863,0.70582,0.48914,0.47948,0.63168,0.55609,0.23572,1.49083,3.81745,0.06869,1.21851,2.86628,0.000423894,0.000423894,0.000423894
50,569.112,0.44917,2.67083,0.31032,0.56569,1.0053,0.58201,0.68938,0.68073,0.47143,0.74103,0.49686,0.43345,0.24926,1.49202,3.7607,0.11014,1.19768,2.97053,0.000421142,0.000421142,0.000421142
51,580.428,0.45228,2.61868,0.3123,0.54007,1.00431,0.62131,0.6916,0.72678,0.44763,0.58791,0.65697,0.58552,0.27635,1.52143,3.31688,0.11289,1.11862,3.0156,0.00041839,0.00041839,0.00041839
52,591.765,0.46345,2.60812,0.3094,0.49587,1.01906,0.47076,0.66704,0.66737,0.4337,0.61553,0.50253,0.49571,0.26939,1.59923,3.24344,0.1533,1.41791,2.8356,0.000415638,0.000415638,0.000415638
53,603.036,0.45123,2.53112,0.3057,0.53997,0.99914,0.48111,0.6785,0.62346,0.40513,0.49958,0.52904,0.46584,0.22898,1.53013,3.42111,0.09626,1.36724,2.6173,0.000412886,0.000412886,0.000412886
54,614.35,0.46697,2.84509,0.31125,0.54712,1.02028,0.59793,0.688,0.64282,0.44229,0.51245,0.60491,0.54922,0.23977,1.47868,3.45687,0.08065,1.16921,2.82157,0.000410133,0.000410133,0.000410133
55,625.673,0.45415,2.62322,0.30028,0.56806,1.01074,0.61674,0.60249,0.59253,0.40289,0.75064,0.49734,0.48267,0.24188,1.44157,3.28761,0.08067,1.24418,2.95022,0.000407381,0.000407381,0.000407381
56,637.006,0.44809,2.62192,0.30705,0.55577,0.9945,0.73833,0.6042,0.7199,0.50187,0.78592,0.46802,0.48446,0.25251,1.32846,3.22779,0.04878,1.24786,2.67664,0.000404629,0.000404629,0.000404629
57,648.287,0.45546,2.67162,0.30819,0.55946,1.0032,0.47485,0.71068,0.68261,0.45158,0.40495,0.6243,0.57334,0.29473,1.48474,3.55393,0.05714,1.28974,2.97754,0.000401877,0.000401877,0.000401877
58,659.617,0.44742,2.69803,0.31288,0.52924,0.99058,0.628,0.58119,0.65764,0.45431,0.71267,0.48724,0.5709,0.27984,1.47855,3.34787,0.09614,1.11957,2.87539,0.000399125,0.000399125,0.000399125
59,670.908,0.45507,2.664,0.31426,0.54526,1.01071,0.56652,0.6078,0.65504,0.43821,0.66733,0.50678,0.48315,0.27875,1.50638,3.47733,0.05779,1.22446,2.83885,0.000396372,0.000396372,0.000396372
60,682.36,0.48358,2.47542,0.31118,0.54519,1.03749,0.52887,0.62423,0.61403,0.39804,0.55504,0.54128,0.5262,0.24356,1.49952,3.75438,0.08737,1.37351,2.91224,0.00039362,0.00039362,0.00039362
61,693.625,0.44837,2.48884,0.31234,0.51298,0.99789,0.49701,0.62064,0.61991,0.43173,0.63502,0.47143,0.43954,0.24211,1.44711,3.68111,0.07759,1.17252,2.7066,0.000390868,0.000390868,0.000390868
62,704.949,0.43788,2.53283,0.3068,0.51182,0.99567,0.59114,0.65454,0.61542,0.42536,0.67296,0.48908,0.45692,0.21331,1.49545,3.62181,0.10543,1.24496,2.86532,0.000388116,0.000388116,0.000388116
63,716.277,0.43641,2.46084,0.3167,0.49174,1.00747,0.45403,0.67878,0.64062,0.44084,0.58237,0.51243,0.46776,0.24109,1.46399,3.55035,0.09961,1.20398,2.88042,0.000385364,0.000385364,0.000385364
64,727.643,0.42532,2.64869,0.31238,0.50709,0.99268,0.53819,0.55845,0.61203,0.41683,0.45041,0.47474,0.39373,0.21373,1.49007,3.93877,0.09935,1.37072,2.85366,0.000382611,0.000382611,0.000382611
65,738.934,0.46558,2.53509,0.30399,0.54147,1.01104,0.55696,0.55588,0.60885,0.4107,0.46738,0.46964,0.46468,0.21044,1.53518,4.10146,0.07399,1.36291,2.7415,0.000379859,0.000379859,0.000379859
66,750.266,0.45765,2.57835,0.31678,0.51228,1.01092,0.46952,0.60233,0.58576,0.41183,0.49638,0.41767,0.45766,0.26123,1.48902,3.86957,0.06523,1.47469,2.68519,0.000377107,0.000377107,0.000377107
67,761.569,0.45262,2.56384,0.31039,0.51106,1.00531,0.55691,0.5919,0.59207,0.40256,0.70714,0.43859,0.44846,0.24156,1.52049,3.80604,0.0726,1.40165,2.90079,0.000374355,0.000374355,0.000374355
68,772.89,0.44534,2.49564,0.3136,0.50811,0.99964,0.49585,0.67239,0.60474,0.41438,0.66599,0.47477,0.41884,0.25028,1.46299,3.55887,0.05888,1.30706,2.9053,0.000371603,0.000371603,0.000371603
69,784.197,0.45154,2.56801,0.30748,0.51934,1.00762,0.5411,0.64573,0.61189,0.43116,0.71177,0.50363,0.46286,0.25138,1.43016,3.45702,0.05983,1.24815,2.81157,0.00036885,0.00036885,0.00036885
70,795.492,0.4282,2.4099,0.30807,0.49768,1.00046,0.48244,0.68263,0.60981,0.42298,0.52278,0.50687,0.45389,0.26269,1.49209,3.31054,0.06812,1.30059,2.85145,0.000366098,0.000366098,0.000366098
71,806.947,0.43997,2.43508,0.29921,0.494,1.0062,0.59535,0.59363,0.52846,0.36504,0.67329,0.5187,0.47526,0.26567,1.44551,3.224,0.05805,1.39571,2.81096,0.000363346,0.000363346,0.000363346
72,818.258,0.42413,2.34409,0.30984,0.46283,0.99251,0.61119,0.56,0.60355,0.41626,0.6925,0.48397,0.51568,0.25472,1.44503,3.56091,0.07534,1.38857,2.94055,0.000360594,0.000360594,0.000360594
73,829.563,0.45044,2.48099,0.30329,0.50177,1.00557,0.51383,0.58441,0.58704,0.39971,0.53679,0.45119,0.46251,0.22471,1.49204,3.99582,0.08834,1.34031,3.0327,0.000357842,0.000357842,0.000357842
74,840.88,0.42868,2.50056,0.3059,0.5035,1.00076,0.51759,0.605,0.59824,0.39663,0.43972,0.43001,0.43758,0.23793,1.50149,4.04748,0.17012,1.32748,3.05378,0.000355089,0.000355089,0.000355089
75,852.162,0.42073,2.50887,0.31409,0.48673,0.98891,0.51651,0.58665,0.62674,0.41232,0.69747,0.49412,0.53086,0.26196,1.44836,3.71897,0.15205,1.26332,2.92414,0.000352337,0.000352337,0.000352337
76,863.468,0.41452,2.33167,0.30165,0.46027,0.9682,0.54276,0.60152,0.6184,0.39959,0.57953,0.52256,0.53122,0.28015,1.52148,3.55823,0.10133,1.27786,2.98417,0.000349585,0.000349585,0.000349585
77,874.765,0.39592,2.34869,0.30869,0.46649,0.96835,0.57395,0.70711,0.63129,0.43109,0.57481,0.50555,0.42804,0.21408,1.48294,3.75218,0.09755,1.29743,2.9219,0.000346833,0.000346833,0.000346833
78,886.081,0.42348,2.26721,0.30641,0.49214,1.00072,0.55405,0.68752,0.64193,0.45662,0.70951,0.50951,0.53778,0.25902,1.46142,3.68381,0.09194,1.25232,2.9394,0.000344081,0.000344081,0.000344081
79,897.551,0.42239,2.38849,0.30259,0.49681,1.00174,0.52958,0.57681,0.60756,0.4186,0.50229,0.49143,0.52649,0.27493,1.48209,3.61146,0.07454,1.31812,2.95355,0.000341328,0.000341328,0.000341328
80,908.863,0.44446,2.27539,0.30376,0.49712,1.01148,0.52147,0.60496,0.60025,0.41905,0.68656,0.47637,0.50906,0.26392,1.43432,3.36051,0.06565,1.26639,2.89152,0.000338576,0.000338576,0.000338576
81,920.168,0.41664,2.41662,0.31641,0.47622,0.98295,0.61271,0.57716,0.68548,0.46243,0.77936,0.49374,0.52303,0.27212,1.45709,3.47117,0.08891,1.26399,2.93387,0.000335824,0.000335824,0.000335824
82,931.464,0.45617,2.34569,0.2918,0.50402,1.00636,0.53106,0.68483,0.60474,0.42221,0.49357,0.63402,0.55721,0.29023,1.44391,3.29379,0.08718,1.42485,3.00209,0.000333072,0.000333072,0.000333072
83,942.734,0.42342,2.50485,0.3223,0.51386,0.98776,0.54462,0.68082,0.62713,0.43363,0.52647,0.65724,0.59226,0.24945,1.46772,3.58414,0.07514,1.36303,3.05502,0.00033032,0.00033032,0.00033032
84,954.059,0.42262,2.38468,0.30275,0.51104,0.99369,0.61523,0.68346,0.70282,0.46542,0.68306,0.58499,0.50967,0.26534,1.47135,3.29052,0.07879,1.19713,2.98204,0.000327567,0.000327567,0.000327567
85,965.375,0.41303,2.28754,0.31304,0.46295,0.98745,0.64418,0.66245,0.7092,0.45639,0.56394,0.58376,0.51459,0.25444,1.50236,3.43619,0.13716,1.35216,2.98429,0.000324815,0.000324815,0.000324815
86,976.888,0.40812,2.46947,0.32002,0.4914,0.98149,0.5911,0.62435,0.64313,0.43549,0.73357,0.5296,0.56056,0.26561,1.4599,3.3382,0.094,1.24975,2.95669,0.000322063,0.000322063,0.000322063
87,988.153,0.40143,2.29166,0.30199,0.46666,0.9786,0.58626,0.70421,0.61893,0.41765,0.5215,0.6292,0.54396,0.2703,1.48916,3.326,0.06762,1.28395,3.04158,0.000319311,0.000319311,0.000319311
88,999.494,0.38761,2.3434,0.31254,0.44854,0.97857,0.5104,0.60843,0.62745,0.4329,0.70029,0.509,0.54783,0.30328,1.45965,3.26217,0.11228,1.23699,2.99392,0.000316559,0.000316559,0.000316559
89,1010.79,0.40369,2.29297,0.30142,0.49162,0.97502,0.55161,0.58815,0.62135,0.42899,0.72043,0.51443,0.54786,0.27831,1.45823,3.32494,0.07149,1.12716,2.8217,0.000313806,0.000313806,0.000313806
90,1022.08,0.39934,2.36675,0.31523,0.45438,0.9876,0.49058,0.57546,0.60821,0.42788,0.61773,0.52161,0.54966,0.28696,1.46686,3.26499,0.06228,1.27921,2.95708,0.000311054,0.000311054,0.000311054
91,1033.34,0.40895,2.28295,0.31098,0.47113,0.9803,0.51363,0.66244,0.64178,0.45586,0.46454,0.60942,0.57273,0.27944,1.45188,3.42086,0.10294,1.34688,2.96239,0.000308302,0.000308302,0.000308302
92,1044.66,0.39962,2.29335,0.30434,0.46345,0.98666,0.52047,0.59465,0.64518,0.4501,0.68367,0.48354,0.47815,0.24743,1.4484,3.3844,0.08915,1.32347,2.94325,0.00030555,0.00030555,0.00030555
93,1055.92,0.40093,2.25252,0.3067,0.44893,0.97585,0.54308,0.66437,0.61779,0.44017,0.45502,0.5757,0.50125,0.2858,1.4551,3.25335,0.10921,1.30003,2.87622,0.000302798,0.000302798,0.000302798
94,1067.21,0.39174,2.35635,0.31061,0.44712,0.97608,0.51231,0.63651,0.59623,0.41883,0.51455,0.57968,0.5337,0.28471,1.45699,3.47918,0.06784,1.35854,2.81581,0.000300045,0.000300045,0.000300045
95,1078.47,0.38573,2.16731,0.2971,0.4551,0.9664,0.54108,0.67979,0.60249,0.4144,0.45728,0.60696,0.52048,0.27875,1.46481,3.48363,0.06793,1.30747,2.88396,0.000297293,0.000297293,0.000297293
96,1089.76,0.38213,2.23881,0.29926,0.466,0.97144,0.52141,0.58876,0.57659,0.39832,0.49713,0.49253,0.49857,0.24872,1.45195,3.44302,0.05041,1.35057,2.91523,0.000294541,0.000294541,0.000294541
97,1101.24,0.39215,2.19976,0.30798,0.46427,0.96835,0.53374,0.58975,0.58605,0.41677,0.70659,0.52569,0.52663,0.27529,1.45815,3.45701,0.07422,1.17091,2.96956,0.000291789,0.000291789,0.000291789
98,1112.53,0.39366,2.19215,0.29122,0.44085,0.96049,0.64357,0.59633,0.59857,0.43338,0.7047,0.54712,0.55038,0.27168,1.43104,3.13321,0.09462,1.1642,2.96115,0.000289037,0.000289037,0.000289037
99,1123.82,0.38155,2.35909,0.31241,0.44867,0.97382,0.5401,0.56934,0.56369,0.40219,0.69673,0.50809,0.41235,0.24172,1.43685,3.30649,0.06207,1.27535,3.03386,0.000286284,0.000286284,0.000286284
100,1135.12,0.38386,2.26141,0.31023,0.43184,0.97408,0.5742,0.57772,0.63456,0.46163,0.70341,0.49655,0.47808,0.29451,1.4451,3.22564,0.05537,1.2815,3.04086,0.000283532,0.000283532,0.000283532
101,1146.39,0.37894,2.38221,0.30811,0.43276,0.9657,0.4785,0.6923,0.63583,0.45898,0.72338,0.52776,0.56321,0.30034,1.44601,3.18108,0.08455,1.23034,3.05674,0.00028078,0.00028078,0.00028078
102,1157.72,0.39923,2.20578,0.30269,0.46221,0.98256,0.64342,0.66031,0.63948,0.44302,0.68857,0.58513,0.5468,0.2975,1.48411,3.48451,0.09461,1.3058,3.14844,0.000278028,0.000278028,0.000278028
103,1169.01,0.38686,2.08292,0.2956,0.42269,0.98093,0.57536,0.68687,0.61812,0.43111,0.51997,0.62575,0.5691,0.28101,1.47673,3.50473,0.07792,1.3725,3.08727,0.000275276,0.000275276,0.000275276
104,1180.37,0.38001,2.06545,0.29935,0.43144,0.97357,0.73964,0.58018,0.58437,0.41215,0.80066,0.52327,0.5273,0.28104,1.42498,3.33517,0.07234,1.24726,2.90192,0.000272523,0.000272523,0.000272523
105,1191.66,0.39369,2.25484,0.30628,0.43889,0.97833,0.6676,0.58343,0.61005,0.43098,0.73635,0.54399,0.54278,0.29361,1.42887,3.35605,0.07926,1.24251,2.914,0.000269771,0.000269771,0.000269771
106,1203.17,0.36853,2.19133,0.29755,0.44057,0.9731,0.7279,0.5401,0.60972,0.41649,0.7279,0.5401,0.56014,0.30895,1.47111,3.27324,0.06435,1.19918,3.09581,0.000267019,0.000267019,0.000267019
107,1214.46,0.37438,2.11861,0.29886,0.43998,0.9632,0.51929,0.67741,0.65462,0.45341,0.72249,0.51045,0.50922,0.28692,1.48992,3.45201,0.06298,1.21327,3.09215,0.000264267,0.000264267,0.000264267
108,1225.75,0.36475,2.1991,0.30088,0.42839,0.9574,0.54626,0.65756,0.64284,0.45229,0.60482,0.49733,0.48503,0.27612,1.46655,3.31257,0.08229,1.19489,3.08677,0.000261515,0.000261515,0.000261515
109,1237.01,0.37417,2.24455,0.31819,0.45714,0.98191,0.58272,0.68391,0.61666,0.43369,0.67004,0.51759,0.45632,0.25331,1.46041,3.3688,0.08231,1.26279,3.03315,0.000258762,0.000258762,0.000258762
110,1248.34,0.38435,2.21476,0.30425,0.4297,0.96945,0.59741,0.63607,0.67947,0.48717,0.80555,0.50597,0.48578,0.27835,1.437,3.26191,0.08171,1.16422,3.03857,0.00025601,0.00025601,0.00025601
111,1259.62,0.36662,2.09235,0.2862,0.43164,0.97308,0.61304,0.6274,0.5631,0.38009,0.70489,0.50737,0.43102,0.25276,1.46509,3.27543,0.06098,1.18325,3.1406,0.000253258,0.000253258,0.000253258
112,1270.93,0.37969,2.09729,0.30262,0.4215,0.963,0.6146,0.62554,0.62827,0.42377,0.71351,0.55428,0.57015,0.28949,1.46654,3.36368,0.06545,1.18055,3.13487,0.000250506,0.000250506,0.000250506
113,1282.43,0.37964,2.11625,0.29561,0.44078,0.97827,0.6177,0.63511,0.62769,0.42898,0.71244,0.53962,0.55662,0.3021,1.46573,3.25873,0.05918,1.23937,3.14621,0.000247754,0.000247754,0.000247754
114,1293.75,0.38644,2.09251,0.31238,0.42016,0.97507,0.61563,0.60211,0.60335,0.41509,0.69578,0.52225,0.54558,0.28004,1.44974,3.31489,0.05207,1.34165,3.14018,0.000245001,0.000245001,0.000245001
115,1305.01,0.36711,2.28057,0.29417,0.43479,0.96038,0.66224,0.56724,0.54393,0.37885,0.68266,0.51662,0.49782,0.25012,1.42797,3.39094,0.08774,1.41292,3.13281,0.000242249,0.000242249,0.000242249
116,1316.35,0.38183,2.16135,0.30074,0.42386,0.97307,0.60909,0.53032,0.5815,0.40015,0.61773,0.5343,0.54618,0.27532,1.4705,3.26623,0.07915,1.35585,3.19144,0.000239497,0.000239497,0.000239497
117,1327.64,0.38818,2.18409,0.3004,0.42211,0.97656,0.51096,0.58261,0.53926,0.36112,0.60968,0.54096,0.49973,0.28528,1.48121,3.22947,0.07383,1.2805,3.20599,0.000236745,0.000236745,0.000236745
118,1338.95,0.3819,2.05149,0.29214,0.41811,0.9781,0.52377,0.59645,0.5325,0.34958,0.70861,0.53035,0.48997,0.28377,1.48141,3.31719,0.08275,1.28065,3.20372,0.000233993,0.000233993,0.000233993
119,1350.24,0.3724,2.09557,0.30479,0.42454,0.96374,0.53797,0.58376,0.50301,0.33209,0.62462,0.52947,0.45311,0.25671,1.4518,3.35942,0.0712,1.28699,3.0424,0.00023124,0.00023124,0.00023124
120,1361.56,0.37233,2.01141,0.29539,0.4133,0.96447,0.53524,0.595,0.59216,0.40894,0.71122,0.52599,0.5441,0.31282,1.47121,3.22869,0.05834,1.37769,3.0756,0.000228488,0.000228488,0.000228488
121,1372.87,0.37947,2.02239,0.28244,0.43637,0.98278,0.60293,0.60318,0.60934,0.41664,0.72429,0.52771,0.47702,0.28469,1.44473,3.1637,0.06632,1.36666,3.04814,0.000225736,0.000225736,0.000225736
122,1384.18,0.36651,2.00613,0.29477,0.41476,0.97065,0.72446,0.54678,0.65286,0.43903,0.72042,0.54315,0.51828,0.30803,1.47023,3.17408,0.06071,1.27857,3.12196,0.000222984,0.000222984,0.000222984
123,1395.46,0.36617,2.03568,0.30547,0.40409,0.9671,0.48677,0.6949,0.58851,0.39948,0.61801,0.54197,0.47953,0.28358,1.45918,3.19465,0.04903,1.28692,3.00541,0.000220232,0.000220232,0.000220232
124,1406.76,0.36497,2.00065,0.28833,0.42861,0.96727,0.56957,0.68605,0.61336,0.42549,0.51514,0.6401,0.56262,0.30895,1.44309,3.29386,0.06754,1.26238,2.93665,0.000217479,0.000217479,0.000217479
125,1418.21,0.36432,2.07328,0.2912,0.42489,0.9532,0.60908,0.60364,0.59687,0.41894,0.79578,0.51255,0.54586,0.29681,1.42164,3.35856,0.11161,1.25145,3.05959,0.000214727,0.000214727,0.000214727
126,1429.51,0.34112,2.05421,0.30046,0.4031,0.94335,0.53997,0.58458,0.55509,0.38263,0.59965,0.51052,0.48969,0.28073,1.434,3.3306,0.06888,1.3563,3.1368,0.000211975,0.000211975,0.000211975
127,1440.79,0.35742,1.95088,0.29455,0.42528,0.96691,0.69094,0.55931,0.52588,0.35221,0.68869,0.52565,0.48577,0.27599,1.42374,3.19024,0.05751,1.35035,3.09336,0.000209223,0.000209223,0.000209223
128,1452.12,0.35177,1.90335,0.29207,0.40526,0.94818,0.70723,0.57297,0.51431,0.34305,0.69104,0.53619,0.46919,0.27851,1.45614,3.14817,0.04109,1.369,3.14303,0.000206471,0.000206471,0.000206471
129,1463.42,0.35114,2.02459,0.30116,0.4177,0.9606,0.61541,0.58339,0.51679,0.33547,0.70044,0.53041,0.46542,0.28224,1.46732,3.15035,0.05511,1.3429,3.1454,0.000203718,0.000203718,0.000203718
130,1474.73,0.3452,2.02177,0.29764,0.39254,0.94164,0.63075,0.54071,0.51629,0.33833,0.61974,0.53268,0.45986,0.2788,1.45652,3.1989,0.06736,1.36229,3.15295,0.000200966,0.000200966,0.000200966
131,1486.09,0.37982,2.13449,0.30661,0.40648,0.98436,0.6984,0.56609,0.51234,0.34346,0.69346,0.51625,0.45149,0.2813,1.4259,3.15293,0.0736,1.39974,3.10579,0.000198214,0.000198214,0.000198214
132,1497.45,0.3555,2.00361,0.29894,0.40646,0.95438,0.62813,0.57546,0.51841,0.35045,0.69434,0.50472,0.45868,0.29569,1.42279,3.20562,0.06946,1.36112,3.0921,0.000195462,0.000195462,0.000195462
133,1508.95,0.35063,1.93418,0.29844,0.40205,0.95108,0.52966,0.57191,0.52183,0.3532,0.62304,0.5103,0.45919,0.28656,1.40953,3.2127,0.08141,1.36016,2.97919,0.00019271,0.00019271,0.00019271
134,1520.27,0.3361,1.90517,0.30338,0.38366,0.95125,0.6088,0.58863,0.51631,0.33297,0.62468,0.52178,0.46838,0.27736,1.47272,3.20896,0.09359,1.39954,3.09314,0.000189957,0.000189957,0.000189957
135,1531.63,0.34844,2.02156,0.29418,0.38892,0.96434,0.53031,0.61232,0.54798,0.35679,0.62145,0.51351,0.47518,0.26872,1.47564,3.18603,0.05143,1.35922,3.16242,0.000187205,0.000187205,0.000187205
136,1542.97,0.37509,2.00983,0.30172,0.4222,0.98865,0.53787,0.57608,0.61147,0.43209,0.69215,0.51769,0.56019,0.31179,1.45296,3.18309,0.05103,1.34464,3.15851,0.000184453,0.000184453,0.000184453
137,1554.32,0.34526,1.98703,0.30671,0.39402,0.95182,0.52742,0.59104,0.54605,0.36437,0.71305,0.50799,0.49225,0.28569,1.46871,3.20945,0.06471,1.37753,3.16891,0.000181701,0.000181701,0.000181701
138,1565.67,0.34637,1.93555,0.2956,0.3818,0.95157,0.52663,0.57837,0.52642,0.33821,0.62502,0.50899,0.4797,0.27042,1.46578,3.18541,0.09726,1.40225,3.15061,0.000178949,0.000178949,0.000178949
139,1576.97,0.33914,1.8688,0.29879,0.38063,0.94808,0.62281,0.57043,0.52624,0.33223,0.61108,0.50844,0.43154,0.24451,1.47448,3.30109,0.10013,1.37335,3.24792,0.000176196,0.000176196,0.000176196
140,1588.31,0.34149,1.75566,0.29927,0.38209,0.95678,0.63427,0.5857,0.52493,0.33515,0.59756,0.5116,0.43232,0.26698,1.47031,3.15164,0.07182,1.41322,3.25194,0.000173444,0.000173444,0.000173444
141,1599.64,0.33317,1.89782,0.29651,0.37375,0.94574,0.63857,0.59767,0.53739,0.35141,0.7016,0.52223,0.47725,0.2864,1.45129,3.09138,0.06653,1.35013,3.22997,0.000170692,0.000170692,0.000170692
